{"cameraMode":{"drawMode":0,"name":"Shaded","section":"Shading Mode"},"sceneLighting":true,"audioPlay":false,"sceneViewState":{"m_AlwaysRefresh":false,"showFog":true,"showSkybox":true,"showFlares":true,"showImageEffects":true,"showParticleSystems":true,"showVisualEffectGraphs":true,"m_FxEnabled":true},"in2DMode":false,"pivot":{"x":0.6771231293678284,"y":2.7396185398101808,"z":-12.131393432617188},"rotation":{"x":-0.21588608622550965,"y":0.04274987801909447,"z":-0.009456763043999672,"w":-0.9754389524459839},"size":1.6033461093902588,"orthographic":false}