{"cameraMode":{"drawMode":0,"name":"Shaded","section":"Shading Mode"},"sceneLighting":true,"audioPlay":false,"sceneViewState":{"m_AlwaysRefresh":false,"showFog":true,"showSkybox":true,"showFlares":true,"showImageEffects":true,"showParticleSystems":true,"showVisualEffectGraphs":true,"m_FxEnabled":true},"in2DMode":false,"pivot":{"x":0.2408626675605774,"y":2.0440194606781008,"z":64.76742553710938},"rotation":{"x":0.1359509527683258,"y":-0.045470140874385837,"z":0.006206072401255369,"w":0.9896875023841858},"size":0.887833833694458,"orthographic":false}