{"cameraMode":{"drawMode":0,"name":"Shaded","section":"Shading Mode"},"sceneLighting":true,"audioPlay":false,"sceneViewState":{"m_AlwaysRefresh":false,"showFog":true,"showSkybox":true,"showFlares":true,"showImageEffects":true,"showParticleSystems":true,"showVisualEffectGraphs":true,"m_FxEnabled":true},"in2DMode":false,"pivot":{"x":6.023406028747559,"y":4.611945629119873,"z":9.677399635314942},"rotation":{"x":-0.27359431982040408,"y":0.06658832728862763,"z":-0.018984947353601457,"w":-0.9593545198440552},"size":0.8764067888259888,"orthographic":false}