{"cameraMode":{"drawMode":0,"name":"Shaded","section":"Shading Mode"},"sceneLighting":true,"audioPlay":false,"sceneViewState":{"m_AlwaysRefresh":false,"showFog":true,"showSkybox":true,"showFlares":true,"showImageEffects":true,"showParticleSystems":true,"showVisualEffectGraphs":true,"m_FxEnabled":true},"in2DMode":false,"pivot":{"x":0.43497639894485476,"y":-3.890045642852783,"z":98.99713134765625},"rotation":{"x":0.27051058411598208,"y":-0.004056820645928383,"z":0.0011130752973258496,"w":0.9627571702003479},"size":10.449999809265137,"orthographic":false}